Rota;Grupo;Módulo;Situação;Onde está no protótipo;Depende de;O que falta
listarVisitas;Operação;Visitas;Parcial;/visitas (bloco 1);Front;Falta exportar Word/PDF/Excel, notificar condôminos, cadastrar passageiro, atalhos a câmeras/acionadores/acessos e portaria de entrada.
cadastrarVisitante;Operação;Visitas;Parcial;/visitas (bloco 1);Front + hardware;Falta foto por câmera, vistoria do veículo, validade do documento, limite de permanência em minutos e rota.
listarCorrespondencias;Operação;Correspondências;Parcial;/correspondencias (bloco 2);Front;Falta ordenação por destinatário/entrada, notificação em lote de pendentes e exportação Excel.
cadastrarCorrespondencia;Operação;Correspondências;Parcial;/correspondencias (bloco 2);Backend;"Anexo guarda só o nome do arquivo; falta captura de foto e comprovante de retirada."
listarMoradores;Operação;Condôminos;Parcial;/condominos (bloco 1);Front;Falta filtros por idade/aniversário/uso de app/biometria/antiguidade, exportações, envio de emails, backup e ações em lote.
cadastrarMorador;Operação;Condôminos;Parcial;/condominos (bloco 1);Backend + hardware;Falta foto e geração facial, autorizar app, chave virtual, agenda, rota/turno, validade/atestado, ID externo e endereço de correspondência.
listarResidencias;Operação;Residências;Parcial;/residencias (bloco 1);Front;Falta filtros de inadimplência e sem app, impressão e os vínculos com animais, bicicletas, ramais e aluguel.
cadastrarResidencia;Operação;Residências;Parcial;/residencias (bloco 1);Backend;Falta fração ideal, limite de visitantes, bloquear/silenciar Fale Síndico, duplicar notificação, reservas/convites e geolocalização.
listarVeiculosMorador;Operação;Veículos;Simulada;/veiculos (tela de exemplo);Front;O veículo existe dentro do cadastro de condômino, mas a tela própria ainda usa dados fixos e não se comunica com ele.
listarAnimais;Operação;Animais;Não iniciada;—;Front;"Formulário não foi localizado na auditoria; só a listagem foi vista."
listarBicicletas;Operação;Bicicletas;Não iniciada;—;Front;"Formulário não foi localizado na auditoria; só a listagem foi vista."
listarPreAutorizacoes;Operação;Pré-autorizações;Parcial;/pre-autorizacoes (bloco 1);Front;Falta filtro por período e identidade, exportação e as alternativas Lista e Facial.
cadastrarPreAutorizacao;Operação;Pré-autorizações;Parcial;/pre-autorizacoes (bloco 1);Backend;Falta vincular várias unidades, endereço/telefone, validade da CNH e geração de QR code ou link de convite.
listarTag;Operação;Credenciais;Não iniciada;—;Hardware;Controle de acesso de morador: TAG, placa, controle, validade, pânico e ações em lote.
cadastrarTag;Operação;Credenciais;Não iniciada;—;Hardware;Cadastro de serial/ID e rota da credencial.
cadastrarFace;Operação;Credenciais;Não iniciada;—;Hardware;Depende de câmera e do equipamento facial homologado.
listarTagsVisitante;Operação;Credenciais;Não iniciada;—;Hardware;Credenciais de visitante: pendentes, visitas e pré-autorizados.
cadastrarTagVisitante;Operação;Credenciais;Não iniciada;—;Hardware;Cadastro de serial para visitante.
listarOcorrencias;Comunicação e administração;Ocorrências;Parcial;/ocorrencias (bloco 2);Front;Falta exportar Word/PDF/Excel, desativar em lote e as ações sobre ocorrências antigas.
cadastrarOcorrencia;Comunicação e administração;Ocorrências;Parcial;/ocorrencias (bloco 2);Backend;"Anexo guarda só o nome do arquivo; notificar apps de síndico e funcionários está simulado."
listarComunicados;Comunicação e administração;Comunicados;Parcial;/comunicados (bloco 2);Front;Falta favoritos, excluídos, exportar Word/Excel e finalizar em lote.
cadastrarComunicado;Comunicação e administração;Comunicados;Parcial;/comunicados (bloco 2);Backend;"Falta editor de texto formatado e anexo real; enviar email e notificar app estão simulados."
listarUsuarios;Comunicação e administração;Usuários;Não iniciada;—;Backend;Muda o comportamento das telas já feitas: permissões de administrador, portaria, edição e faixa horária.
cadastrarUsuario;Comunicação e administração;Usuários;Não iniciada;—;Backend;"Login e senha exigem autenticação de verdade; hoje o login é demonstrativo."
listarPortaria;Comunicação e administração;Funcionários;Não iniciada;—;Front;Funcionários e prestadores, com presentes/ausentes e controle de acesso.
cadastrarPortaria;Comunicação e administração;Funcionários;Não iniciada;—;Hardware;Foto/facial, função, empresa, avisos e rota.
listarEnquetes;Comunicação e administração;Enquetes;Não iniciada;—;Backend;Votação e apuração não foram observadas na auditoria.
cadastrarEnquete;Comunicação e administração;Enquetes;Não iniciada;—;Backend;Público votante, comentários, pergunta e respostas.
listarAssembleias;Comunicação e administração;Assembleias;Não iniciada;—;Backend;Participação, quórum, votos e ata não foram observados.
cadastrarAssembleia;Comunicação e administração;Assembleias;Não iniciada;—;Backend;Ordinária/extraordinária, período, descrição e anexo.
listarAchados;Gestão;Achados e perdidos;Não iniciada;—;Front;
cadastrarAchado;Gestão;Achados e perdidos;Não iniciada;—;Backend;Foto por câmera ou arquivo.
listarManutencoes;Gestão;Manutenções;Não iniciada;—;Front;Tem visão de calendário além da lista.
cadastrarManutencao;Gestão;Manutenções;Não iniciada;—;Front;Renovação e alerta.
listarBloquear;Gestão;Bloqueio de visitantes;Não iniciada;—;Front;Precisa definir a precedência entre bloqueio e pré-autorização — o mapa deixou isso em aberto.
cadastrarBloquear;Gestão;Bloqueio de visitantes;Não iniciada;—;Front;Unidade, identidade, período, horário e dias da semana.
listarFurtoVeiculo;Gestão;Bloqueio de veículos;Não iniciada;—;Front;
cadastrarFurtoVeiculo;Gestão;Bloqueio de veículos;Não iniciada;—;Front;
listarDocumentos;Gestão;Documentos;Não iniciada;—;Backend;Arquivos até 50 MB exigem armazenamento de verdade.
cadastrarDocumento;Gestão;Documentos;Não iniciada;—;Backend;Pasta, público, aceite obrigatório e compartilhamento no app.
listarProdutos;Gestão;Produtos;Não iniciada;—;Front;Atualização de estoque e valor pela própria listagem.
cadastrarProduto;Gestão;Produtos;Não iniciada;—;Front;
listarInventarios;Gestão;Inventário;Não iniciada;—;Front;
cadastrarInventario;Gestão;Inventário;Não iniciada;—;Front;O formulário novo do Shielder traz 20 linhas de inclusão de uma vez.
listarObjetos;Gestão;Objetos;Não iniciada;—;Front;
listarEmprestimos;Gestão;Empréstimos;Não iniciada;—;Front;Empréstimo e devolução não foram executados na auditoria.
listarAnunciantes;Gestão;Fornecedores;Não iniciada;—;Front;
cadastrarAnuciante;Gestão;Fornecedores;Não iniciada;—;Backend;Foto, exibição no app e dias de destaque.
listarProcedimentos;Gestão;Procedimentos;Não iniciada;—;Front;Tem atalho no cabeçalho do Shielder.
cadastrarProcedimento;Gestão;Procedimentos;Não iniciada;—;Backend;Categoria, descrição formatada e imagem.
listarAnotacoes;Gestão;Turnos e anotações;Não iniciada;—;Front;"Iniciar turno e ver histórico; a auditoria não iniciou turno para não afetar a operação."
painel;Relatórios e telefonia;Painel;Simulada;/operacao (tela de exemplo);Front;"O painel atual usa dados fixos; os indicadores reais são adesão ao app, visitas ativas e correspondências aguardando retirada."
relatorioAcessos;Relatórios e telefonia;Relatórios;Não iniciada;—;Backend;Período, atualizar, salvar e imprimir.
relatorioVisitas;Relatórios e telefonia;Relatórios;Não iniciada;—;Backend;
relatorioCorrespondenciaMes;Relatórios e telefonia;Relatórios;Não iniciada;—;Backend;
listarDiarios;Relatórios e telefonia;Diário;Não iniciada;—;Front;Não confundir com o relatório de turnos.
listarLigacoes;Relatórios e telefonia;Telefonia;Não iniciada;—;Telefonia;Origem, destino, atendente, TAA, duração e servidor.
relatorioFilasUsuariosOnline;Relatórios e telefonia;Telefonia;Não iniciada;—;Telefonia;Filas SIP e ramais online.
cadastrarFila;Relatórios e telefonia;Telefonia;Não iniciada;—;Telefonia;Nome, ramal, portaria e padrão de login.
listarAcessos;Relatórios e telefonia;Acessos;Não iniciada;—;Hardware;Acessos de condôminos por BIO-RFID, com equipamento e foto.
listarMensagens;Relatórios e telefonia;Logs;Não iniciada;—;Backend;Log de notificações enviadas ao app.
listarMensagensEmail;Relatórios e telefonia;Logs;Não iniciada;—;Backend;Log de emails enviados.
listarAcessosUsuarios;Relatórios e telefonia;Auditoria;Não iniciada;—;Backend;Quem entrou no sistema, IP, início e fim.
listarRelay;Configurações e equipamentos;Acionadores;Não iniciada;—;Hardware;
cadastrarRelay;Configurações e equipamentos;Acionadores;Não iniciada;—;Hardware;Dispositivo, relay, visível à portaria, tipo e CAN.
listarCameras;Configurações e equipamentos;Câmeras;Não iniciada;—;Hardware;
cadastrarCamera;Configurações e equipamentos;Câmeras;Não iniciada;—;Hardware;Servidor, canal, IP/DDNS, método, credenciais e geração de URL.
listarBoxs;Configurações e equipamentos;Dispositivos;Não iniciada;/dispositivos é tela de exemplo;Hardware;Sincronizar, reiniciar e último acesso exigem os equipamentos reais.
listarAcionaRelay;Configurações e equipamentos;Acionamentos;Não iniciada;—;Hardware;Histórico de acionamentos com acesso a câmeras.
listarGatilhos;Configurações e equipamentos;Gatilhos;Não iniciada;—;Hardware;
cadastrarGatilho;Configurações e equipamentos;Gatilhos;Não iniciada;—;Hardware;Evento, acionadores e automações.
listarRotas;Configurações e equipamentos;Rotas;Não iniciada;—;Hardware;"Rota aparece como campo em morador, credencial e pré-autorização; sem ela, esses campos ficam soltos."
cadastrarRota;Configurações e equipamentos;Rotas;Não iniciada;—;Hardware;Nome, vários dispositivos e perfil de quem passa.
cadastrarCondominio;Configurações e equipamentos;Condomínio;Não iniciada;—;Backend;Identificação, contratos, boletos, plano e integrações.
configurarCondominio;Configurações e equipamentos;Condomínio;Não iniciada;—;Backend;Mesma tela de cadastrarCondominio.
parametrosCondominio;Configurações e equipamentos;Parâmetros;Não iniciada;—;Backend;206 controles que mudam o comportamento das telas já construídas. É o maior risco de retrabalho.
tabelasCondominio;Configurações e equipamentos;Parâmetros;Não iniciada;—;Backend;Catálogos e tabelas auxiliares por condomínio.
